case,key,year,source,courtlistener_cluster_id,external_file,case_name
Warner Bros. v. CBS,warner-216-f2d-945,1955,courtlistener,1965764,,
Warner Bros. v. CBS,warner-216-f2d-945,1958,courtlistener,1396060,,
Warner Bros. v. CBS,warner-216-f2d-945,1958,courtlistener,1457108,,
Warner Bros. v. CBS,warner-216-f2d-945,1958,courtlistener,1952568,,
Warner Bros. v. CBS,warner-216-f2d-945,1959,courtlistener,1485175,,
Warner Bros. v. CBS,warner-216-f2d-945,1963,courtlistener,1428889,,
Warner Bros. v. CBS,warner-216-f2d-945,1965,courtlistener,2145392,,
Warner Bros. v. CBS,warner-216-f2d-945,1965,courtlistener,271137,,
Warner Bros. v. CBS,warner-216-f2d-945,1967,courtlistener,275847,,
Warner Bros. v. CBS,warner-216-f2d-945,1970,courtlistener,289823,,
Warner Bros. v. CBS,warner-216-f2d-945,1972,courtlistener,1891375,,
Warner Bros. v. CBS,warner-216-f2d-945,1974,courtlistener,1371054,,
Warner Bros. v. CBS,warner-216-f2d-945,1975,courtlistener,1560065,,
Warner Bros. v. CBS,warner-216-f2d-945,1977,courtlistener,1953292,,
Warner Bros. v. CBS,warner-216-f2d-945,1978,courtlistener,358756,,
Warner Bros. v. CBS,warner-216-f2d-945,1979,courtlistener,1431414,,
Warner Bros. v. CBS,warner-216-f2d-945,1980,courtlistener,1579320,,
Warner Bros. v. CBS,warner-216-f2d-945,1980,courtlistener,2132235,,
Warner Bros. v. CBS,warner-216-f2d-945,1984,courtlistener,1817034,,
Warner Bros. v. CBS,warner-216-f2d-945,1984,courtlistener,2138301,,
Warner Bros. v. CBS,warner-216-f2d-945,1985,courtlistener,457951,,
Warner Bros. v. CBS,warner-216-f2d-945,1988,courtlistener,511002,,
Warner Bros. v. CBS,warner-216-f2d-945,1988,courtlistener,8972023,,
Warner Bros. v. CBS,warner-216-f2d-945,1990,courtlistener,1479690,,
Warner Bros. v. CBS,warner-216-f2d-945,1991,courtlistener,575828,,
Warner Bros. v. CBS,warner-216-f2d-945,1995,courtlistener,2262232,,
Warner Bros. v. CBS,warner-216-f2d-945,1996,courtlistener,715381,,
Warner Bros. v. CBS,warner-216-f2d-945,1997,courtlistener,1804030,,
Warner Bros. v. CBS,warner-216-f2d-945,1997,courtlistener,2460620,,
Warner Bros. v. CBS,warner-216-f2d-945,1998,courtlistener,7065038,,
Warner Bros. v. CBS,warner-216-f2d-945,2001,courtlistener,2567910,,
Warner Bros. v. CBS,warner-216-f2d-945,2003,courtlistener,782176,,
Warner Bros. v. CBS,warner-216-f2d-945,2003,courtlistener,8437479,,
Warner Bros. v. CBS,warner-216-f2d-945,2004,courtlistener,2996831,,
Warner Bros. v. CBS,warner-216-f2d-945,2004,courtlistener,785344,,
Warner Bros. v. CBS,warner-216-f2d-945,2007,courtlistener,2327947,,
Warner Bros. v. CBS,warner-216-f2d-945,2008,courtlistener,1225530,,
Warner Bros. v. CBS,warner-216-f2d-945,2008,courtlistener,2476031,,
Warner Bros. v. CBS,warner-216-f2d-945,2010,courtlistener,2151583,,
Warner Bros. v. CBS,warner-216-f2d-945,2013,courtlistener,8730548,,
Warner Bros. v. CBS,warner-216-f2d-945,2015,courtlistener,2993623,,
Warner Bros. v. CBS,warner-216-f2d-945,2018,courtlistener,4529426,,
Warner Bros. v. CBS,warner-216-f2d-945,2020,courtlistener,4736284,,
Warner Bros. v. CBS,warner-216-f2d-945,2020,outside-courtlistener,,USCOURTS-cand-4_17-cv-05343-2.txt,"Kihn v. Bill Graham Archives, 445 F. Supp. 3d 234"
Warner Bros. v. CBS,warner-216-f2d-945,2021,outside-courtlistener,,USCOURTS-mdd-1_17-cv-03371-0.txt,Clancy v. Jack Ryan Enterprises (Clancy v. Webb)
Warner Bros. v. CBS,warner-216-f2d-945,2018,outside-courtlistener,,USCOURTS-nyed-1_17-cv-00162-1.txt,Conan Properties v. Sanchez
Warner Bros. v. CBS,warner-216-f2d-945,1989,outside-courtlistener,,anderson-stallone-cacd-1989--opencasebook.txt,cacd
Warner Bros. v. CBS,warner-216-f2d-945,2024,outside-courtlistener,,biani-cacd-2024--recap-392073370-ecf23.txt,Biani v. Showtime Networks
Warner Bros. v. CBS,warner-216-f2d-945,2013,outside-courtlistener,,braddock-cacd-2013--pacer-2_12-cv-05883-ecf96.txt,cacd
Warner Bros. v. CBS,warner-216-f2d-945,2023,outside-courtlistener,,gilbert-daniels-cacd-2023--pacer-2_23-cv-02147-ecf133.txt,Gilbert-Daniels v. Lions Gate Entertainment (MSJ order)
Warner Bros. v. CBS,warner-216-f2d-945,2009,outside-courtlistener,,mccormick-cacd-2009--pacer-2_07-cv-05697-ecf126.txt,cacd
Warner Bros. v. CBS,warner-216-f2d-945,2016,outside-courtlistener,,recap-18979490-creazioni-v-carlin-nysd-2016-12-30.txt,Creazioni Artistiche Musicali v. Carlin America
Warner Bros. v. CBS,warner-216-f2d-945,2015,outside-courtlistener,,recap-19872110-gallagher-v-lions-gate-cacd-2015-09-11.txt,Gallagher v. Lions Gate Entertainment
Warner Bros. v. CBS,warner-216-f2d-945,2020,outside-courtlistener,,ricketts-cacd-2020--pacer-2_19-cv-03895-ecf125.txt,Ricketts v. CBS Corp. (reconsideration denied)
Warner Bros. v. CBS,warner-216-f2d-945,2011,outside-courtlistener,,summit-cacd-2011--recap-928953-ecf149.txt,cacd
Warner Bros. v. CBS,warner-216-f2d-945,2022,outside-courtlistener,,zag-cacd-2022--pacer-2_21-cv-05100-ecf34.txt,ZAG America v. Harasymets (default judgment)
Air Pirates,air-pirates-581-f2d-751,1975,courtlistener,1560065,,
Air Pirates,air-pirates-581-f2d-751,1977,courtlistener,109730,,
Air Pirates,air-pirates-581-f2d-751,1977,courtlistener,1953292,,
Air Pirates,air-pirates-581-f2d-751,1977,courtlistener,346949,,
Air Pirates,air-pirates-581-f2d-751,1977,courtlistener,349388,,
Air Pirates,air-pirates-581-f2d-751,1979,courtlistener,1376934,,
Air Pirates,air-pirates-581-f2d-751,1979,courtlistener,1418467,,
Air Pirates,air-pirates-581-f2d-751,1979,courtlistener,1531591,,
Air Pirates,air-pirates-581-f2d-751,1979,courtlistener,2263732,,
Air Pirates,air-pirates-581-f2d-751,1979,courtlistener,2397442,,
Air Pirates,air-pirates-581-f2d-751,1979,courtlistener,367192,,
Air Pirates,air-pirates-581-f2d-751,1979,courtlistener,369081,,
Air Pirates,air-pirates-581-f2d-751,1980,courtlistener,1653278,,
Air Pirates,air-pirates-581-f2d-751,1980,courtlistener,1754107,,
Air Pirates,air-pirates-581-f2d-751,1980,courtlistener,2132235,,
Air Pirates,air-pirates-581-f2d-751,1980,courtlistener,2393915,,
Air Pirates,air-pirates-581-f2d-751,1980,courtlistener,375420,,
Air Pirates,air-pirates-581-f2d-751,1980,courtlistener,380775,,
Air Pirates,air-pirates-581-f2d-751,1980,courtlistener,382194,,
Air Pirates,air-pirates-581-f2d-751,1980,courtlistener,382843,,
Air Pirates,air-pirates-581-f2d-751,1981,courtlistener,1613378,,
Air Pirates,air-pirates-581-f2d-751,1981,courtlistener,1653970,,
Air Pirates,air-pirates-581-f2d-751,1981,courtlistener,1654460,,
Air Pirates,air-pirates-581-f2d-751,1981,courtlistener,389212,,
Air Pirates,air-pirates-581-f2d-751,1981,courtlistener,403548,,
Air Pirates,air-pirates-581-f2d-751,1981,courtlistener,8924618,,
Air Pirates,air-pirates-581-f2d-751,1982,courtlistener,1460974,,
Air Pirates,air-pirates-581-f2d-751,1982,courtlistener,1525794,,
Air Pirates,air-pirates-581-f2d-751,1982,courtlistener,1629337,,
Air Pirates,air-pirates-581-f2d-751,1982,courtlistener,1870427,,
Air Pirates,air-pirates-581-f2d-751,1982,courtlistener,394184,,
Air Pirates,air-pirates-581-f2d-751,1982,courtlistener,400140,,
Air Pirates,air-pirates-581-f2d-751,1982,courtlistener,400907,,
Air Pirates,air-pirates-581-f2d-751,1982,courtlistener,402301,,
Air Pirates,air-pirates-581-f2d-751,1982,courtlistener,411333,,
Air Pirates,air-pirates-581-f2d-751,1983,courtlistener,1493684,,
Air Pirates,air-pirates-581-f2d-751,1983,courtlistener,1518833,,
Air Pirates,air-pirates-581-f2d-751,1983,courtlistener,2310749,,
Air Pirates,air-pirates-581-f2d-751,1983,courtlistener,411699,,
Air Pirates,air-pirates-581-f2d-751,1983,courtlistener,411931,,
Air Pirates,air-pirates-581-f2d-751,1983,courtlistener,413427,,
Air Pirates,air-pirates-581-f2d-751,1983,courtlistener,421063,,
Air Pirates,air-pirates-581-f2d-751,1983,courtlistener,426378,,
Air Pirates,air-pirates-581-f2d-751,1983,courtlistener,8926629,,
Air Pirates,air-pirates-581-f2d-751,1984,courtlistener,1476266,,
Air Pirates,air-pirates-581-f2d-751,1984,courtlistener,430570,,
Air Pirates,air-pirates-581-f2d-751,1984,courtlistener,445101,,
Air Pirates,air-pirates-581-f2d-751,1985,courtlistener,1469348,,
Air Pirates,air-pirates-581-f2d-751,1985,courtlistener,2157824,,
Air Pirates,air-pirates-581-f2d-751,1985,courtlistener,2178209,,
Air Pirates,air-pirates-581-f2d-751,1985,courtlistener,457915,,
Air Pirates,air-pirates-581-f2d-751,1985,courtlistener,461643,,
Air Pirates,air-pirates-581-f2d-751,1986,courtlistener,1430875,,
Air Pirates,air-pirates-581-f2d-751,1986,courtlistener,1498885,,
Air Pirates,air-pirates-581-f2d-751,1986,courtlistener,2260267,,
Air Pirates,air-pirates-581-f2d-751,1986,courtlistener,2398262,,
Air Pirates,air-pirates-581-f2d-751,1986,courtlistener,2595876,,
Air Pirates,air-pirates-581-f2d-751,1986,courtlistener,463366,,
Air Pirates,air-pirates-581-f2d-751,1986,courtlistener,472224,,
Air Pirates,air-pirates-581-f2d-751,1986,courtlistener,474082,,
Air Pirates,air-pirates-581-f2d-751,1987,courtlistener,2372492,,
Air Pirates,air-pirates-581-f2d-751,1987,courtlistener,483610,,
Air Pirates,air-pirates-581-f2d-751,1988,courtlistener,1529321,,
Air Pirates,air-pirates-581-f2d-751,1988,courtlistener,2357355,,
Air Pirates,air-pirates-581-f2d-751,1988,courtlistener,499496,,
Air Pirates,air-pirates-581-f2d-751,1988,courtlistener,511002,,
Air Pirates,air-pirates-581-f2d-751,1988,courtlistener,511725,,
Air Pirates,air-pirates-581-f2d-751,1988,courtlistener,516047,,
Air Pirates,air-pirates-581-f2d-751,1988,courtlistener,8972023,,
Air Pirates,air-pirates-581-f2d-751,1989,courtlistener,1465717,,
Air Pirates,air-pirates-581-f2d-751,1990,courtlistener,1479690,,
Air Pirates,air-pirates-581-f2d-751,1991,courtlistener,2340851,,
Air Pirates,air-pirates-581-f2d-751,1991,courtlistener,2351049,,
Air Pirates,air-pirates-581-f2d-751,1991,courtlistener,2353338,,
Air Pirates,air-pirates-581-f2d-751,1991,courtlistener,574388,,
Air Pirates,air-pirates-581-f2d-751,1992,courtlistener,580706,,
Air Pirates,air-pirates-581-f2d-751,1992,courtlistener,587692,,
Air Pirates,air-pirates-581-f2d-751,1992,courtlistener,588153,,
Air Pirates,air-pirates-581-f2d-751,1992,courtlistener,589628,,
Air Pirates,air-pirates-581-f2d-751,1993,courtlistener,1459412,,
Air Pirates,air-pirates-581-f2d-751,1993,courtlistener,603787,,
Air Pirates,air-pirates-581-f2d-751,1993,courtlistener,654618,,
Air Pirates,air-pirates-581-f2d-751,1994,courtlistener,112936,,
Air Pirates,air-pirates-581-f2d-751,1994,courtlistener,673484,,
Air Pirates,air-pirates-581-f2d-751,1995,courtlistener,2262232,,
Air Pirates,air-pirates-581-f2d-751,1995,courtlistener,705626,,
Air Pirates,air-pirates-581-f2d-751,1996,courtlistener,1274642,,
Air Pirates,air-pirates-581-f2d-751,1996,courtlistener,1471640,,
Air Pirates,air-pirates-581-f2d-751,1997,courtlistener,1804030,,
Air Pirates,air-pirates-581-f2d-751,1997,courtlistener,2311100,,
Air Pirates,air-pirates-581-f2d-751,1997,courtlistener,738570,,
Air Pirates,air-pirates-581-f2d-751,1998,courtlistener,2519062,,
Air Pirates,air-pirates-581-f2d-751,1998,courtlistener,751770,,
Air Pirates,air-pirates-581-f2d-751,1999,courtlistener,2565405,,
Air Pirates,air-pirates-581-f2d-751,1999,courtlistener,2569028,,
Air Pirates,air-pirates-581-f2d-751,2001,courtlistener,2512259,,
Air Pirates,air-pirates-581-f2d-751,2001,courtlistener,2567910,,
Air Pirates,air-pirates-581-f2d-751,2001,courtlistener,2579839,,
Air Pirates,air-pirates-581-f2d-751,2002,courtlistener,2424744,,
Air Pirates,air-pirates-581-f2d-751,2003,courtlistener,2339928,,
Air Pirates,air-pirates-581-f2d-751,2004,courtlistener,2996831,,
Air Pirates,air-pirates-581-f2d-751,2004,courtlistener,785344,,
Air Pirates,air-pirates-581-f2d-751,2005,courtlistener,6770957,,
Air Pirates,air-pirates-581-f2d-751,2006,courtlistener,2473711,,
Air Pirates,air-pirates-581-f2d-751,2007,courtlistener,2327947,,
Air Pirates,air-pirates-581-f2d-751,2007,courtlistener,2526829,,
Air Pirates,air-pirates-581-f2d-751,2008,courtlistener,1225530,,
Air Pirates,air-pirates-581-f2d-751,2008,courtlistener,2476031,,
Air Pirates,air-pirates-581-f2d-751,2009,courtlistener,2246758,,
Air Pirates,air-pirates-581-f2d-751,2009,courtlistener,2541316,,
Air Pirates,air-pirates-581-f2d-751,2010,courtlistener,2474363,,
Air Pirates,air-pirates-581-f2d-751,2010,courtlistener,2539817,,
Air Pirates,air-pirates-581-f2d-751,2011,courtlistener,205368,,
Air Pirates,air-pirates-581-f2d-751,2012,courtlistener,8716261,,
Air Pirates,air-pirates-581-f2d-751,2013,courtlistener,8730548,,
Air Pirates,air-pirates-581-f2d-751,2014,courtlistener,2743479,,
Air Pirates,air-pirates-581-f2d-751,2015,courtlistener,2993623,,
Air Pirates,air-pirates-581-f2d-751,2016,courtlistener,7321597,,
Air Pirates,air-pirates-581-f2d-751,2019,courtlistener,7334813,,
Air Pirates,air-pirates-581-f2d-751,2020,courtlistener,4736284,,
Air Pirates,air-pirates-581-f2d-751,2024,courtlistener,10166971,,
Air Pirates,air-pirates-581-f2d-751,2025,courtlistener,10592968,,
Air Pirates,air-pirates-581-f2d-751,2021,outside-courtlistener,,USCOURTS-mdd-1_17-cv-03371-0.txt,Clancy v. Jack Ryan Enterprises (Clancy v. Webb)
Air Pirates,air-pirates-581-f2d-751,2018,outside-courtlistener,,USCOURTS-nyed-1_17-cv-00162-1.txt,Conan Properties v. Sanchez
Air Pirates,air-pirates-581-f2d-751,1989,outside-courtlistener,,anderson-stallone-cacd-1989--opencasebook.txt,cacd
Air Pirates,air-pirates-581-f2d-751,2013,outside-courtlistener,,athleta-cacd-2013--recap-1098304.txt,Athleta v. Pitbull Clothing
Air Pirates,air-pirates-581-f2d-751,2004,outside-courtlistener,,fw-omnimedia-cacd-2004--pacer-2_04-cv-08624-ecf26.txt,FW Omnimedia v. Toyota Motor Sales
Air Pirates,air-pirates-581-f2d-751,2009,outside-courtlistener,,momento-cand-2009--USCOURTS-cand-4_09-cv-01223-4.txt,Momento v. Seccion Amarilla
Air Pirates,air-pirates-581-f2d-751,2019,outside-courtlistener,,nasser-casd-2019--USCOURTS-casd-3_17-cv-00863-1.txt,Nasser v. Julius Sammann
Air Pirates,air-pirates-581-f2d-751,2011,outside-courtlistener,,summit-cacd-2011--recap-928953-ecf149.txt,cacd
Olson v. NBC,olson-855-f2d-1446,1989,courtlistener,1768904,,
Olson v. NBC,olson-855-f2d-1446,1989,courtlistener,521598,,
Olson v. NBC,olson-855-f2d-1446,1990,courtlistener,1617359,,
Olson v. NBC,olson-855-f2d-1446,1990,courtlistener,534883,,
Olson v. NBC,olson-855-f2d-1446,1990,courtlistener,544751,,
Olson v. NBC,olson-855-f2d-1446,1991,courtlistener,568529,,
Olson v. NBC,olson-855-f2d-1446,1992,courtlistener,1455836,,
Olson v. NBC,olson-855-f2d-1446,1993,courtlistener,1510619,,
Olson v. NBC,olson-855-f2d-1446,1993,courtlistener,599277,,
Olson v. NBC,olson-855-f2d-1446,1994,courtlistener,663159,,
Olson v. NBC,olson-855-f2d-1446,1995,courtlistener,2262232,,
Olson v. NBC,olson-855-f2d-1446,1996,courtlistener,714044,,
Olson v. NBC,olson-855-f2d-1446,1997,courtlistener,1804030,,
Olson v. NBC,olson-855-f2d-1446,1998,courtlistener,2519062,,
Olson v. NBC,olson-855-f2d-1446,2001,courtlistener,2320346,,
Olson v. NBC,olson-855-f2d-1446,2001,courtlistener,2472491,,
Olson v. NBC,olson-855-f2d-1446,2002,courtlistener,2322887,,
Olson v. NBC,olson-855-f2d-1446,2003,courtlistener,782176,,
Olson v. NBC,olson-855-f2d-1446,2003,courtlistener,8437479,,
Olson v. NBC,olson-855-f2d-1446,2004,courtlistener,2996831,,
Olson v. NBC,olson-855-f2d-1446,2004,courtlistener,785344,,
Olson v. NBC,olson-855-f2d-1446,2006,courtlistener,2451852,,
Olson v. NBC,olson-855-f2d-1446,2007,courtlistener,2327947,,
Olson v. NBC,olson-855-f2d-1446,2007,courtlistener,2355061,,
Olson v. NBC,olson-855-f2d-1446,2008,courtlistener,1225530,,
Olson v. NBC,olson-855-f2d-1446,2008,courtlistener,2476031,,
Olson v. NBC,olson-855-f2d-1446,2008,courtlistener,8661004,,
Olson v. NBC,olson-855-f2d-1446,2009,courtlistener,2489389,,
Olson v. NBC,olson-855-f2d-1446,2010,courtlistener,148199,,
Olson v. NBC,olson-855-f2d-1446,2010,courtlistener,2151583,,
Olson v. NBC,olson-855-f2d-1446,2010,courtlistener,2473919,,
Olson v. NBC,olson-855-f2d-1446,2010,courtlistener,2541408,,
Olson v. NBC,olson-855-f2d-1446,2011,courtlistener,205368,,
Olson v. NBC,olson-855-f2d-1446,2011,courtlistener,2170640,,
Olson v. NBC,olson-855-f2d-1446,2011,courtlistener,2175154,,
Olson v. NBC,olson-855-f2d-1446,2011,courtlistener,220242,,
Olson v. NBC,olson-855-f2d-1446,2013,courtlistener,8730548,,
Olson v. NBC,olson-855-f2d-1446,2014,courtlistener,8730861,,
Olson v. NBC,olson-855-f2d-1446,2015,courtlistener,2993623,,
Olson v. NBC,olson-855-f2d-1446,2015,courtlistener,7314879,,
Olson v. NBC,olson-855-f2d-1446,2016,courtlistener,4323879,,
Olson v. NBC,olson-855-f2d-1446,2016,courtlistener,7321597,,
Olson v. NBC,olson-855-f2d-1446,2018,courtlistener,4522886,,
Olson v. NBC,olson-855-f2d-1446,2019,courtlistener,4613260,,
Olson v. NBC,olson-855-f2d-1446,2019,courtlistener,7336651,,
Olson v. NBC,olson-855-f2d-1446,2020,courtlistener,4736284,,
Olson v. NBC,olson-855-f2d-1446,2021,courtlistener,9790426,,
Olson v. NBC,olson-855-f2d-1446,2022,courtlistener,6447445,,
Olson v. NBC,olson-855-f2d-1446,2022,courtlistener,9936189,,
Olson v. NBC,olson-855-f2d-1446,2026,courtlistener,10768253,,
Olson v. NBC,olson-855-f2d-1446,1989,outside-courtlistener,,anderson-stallone-cacd-1989--opencasebook.txt,cacd
Olson v. NBC,olson-855-f2d-1446,2014,outside-courtlistener,,antonick-cand-2014--USCOURTS-cand-3_11-cv-01543-29.txt,Antonick v. Electronic Arts
Olson v. NBC,olson-855-f2d-1446,2013,outside-courtlistener,,braddock-cacd-2013--pacer-2_12-cv-05883-ecf96.txt,cacd
Olson v. NBC,olson-855-f2d-1446,2018,outside-courtlistener,,cabell-cand-2018--USCOURTS-cand-5_15-cv-00771-11.txt,Cabell v. Zorro Productions
Olson v. NBC,olson-855-f2d-1446,2025,outside-courtlistener,,collier-cacd-2025--recap-426403759.txt,Collier v. McKay
Olson v. NBC,olson-855-f2d-1446,2023,outside-courtlistener,,gilbert-daniels-cacd-2023--pacer-2_23-cv-02147-ecf133.txt,Gilbert-Daniels v. Lions Gate Entertainment (MSJ order)
Olson v. NBC,olson-855-f2d-1446,2006,outside-courtlistener,,identity-arts-cand-2006--USCOURTS-cand-4_06-cv-01631-15.txt,Identity Arts v. Best Buy
Olson v. NBC,olson-855-f2d-1446,2007,outside-courtlistener,,identity-arts-cand-2007--USCOURTS-cand-4_06-cv-01631-15.txt,Identity Arts v. Best Buy
Olson v. NBC,olson-855-f2d-1446,2013,outside-courtlistener,,kennedy-casd-2013--recap-20190199.txt,Kennedy v. Paramount Pictures
Olson v. NBC,olson-855-f2d-1446,2017,outside-courtlistener,,marcus-abc-cacd-2017--recap-22822219.txt,Marcus v. ABC Signature Studios
Olson v. NBC,olson-855-f2d-1446,2015,outside-courtlistener,,recap-19872110-gallagher-v-lions-gate-cacd-2015-09-11.txt,Gallagher v. Lions Gate Entertainment
Olson v. NBC,olson-855-f2d-1446,2016,outside-courtlistener,,silva-caed-2016--recap-20096548.txt,Silva v. Christianson
Olson v. NBC,olson-855-f2d-1446,2011,outside-courtlistener,,straughter-cacd-2011--recap-828160.txt,Straughter v. Raymond
Rice v. Fox,rice-330-f3d-1170,2001,courtlistener,2320346,,
Rice v. Fox,rice-330-f3d-1170,2003,courtlistener,2493673,,
Rice v. Fox,rice-330-f3d-1170,2004,courtlistener,2404000,,
Rice v. Fox,rice-330-f3d-1170,2004,courtlistener,2568765,,
Rice v. Fox,rice-330-f3d-1170,2004,courtlistener,2573234,,
Rice v. Fox,rice-330-f3d-1170,2004,courtlistener,2996831,,
Rice v. Fox,rice-330-f3d-1170,2004,courtlistener,785344,,
Rice v. Fox,rice-330-f3d-1170,2004,courtlistener,787063,,
Rice v. Fox,rice-330-f3d-1170,2004,courtlistener,8450295,,
Rice v. Fox,rice-330-f3d-1170,2004,courtlistener,8459168,,
Rice v. Fox,rice-330-f3d-1170,2005,courtlistener,2431827,,
Rice v. Fox,rice-330-f3d-1170,2005,courtlistener,2490901,,
Rice v. Fox,rice-330-f3d-1170,2005,courtlistener,6770957,,
Rice v. Fox,rice-330-f3d-1170,2006,courtlistener,2292035,,
Rice v. Fox,rice-330-f3d-1170,2006,courtlistener,2328482,,
Rice v. Fox,rice-330-f3d-1170,2006,courtlistener,2359926,,
Rice v. Fox,rice-330-f3d-1170,2006,courtlistener,2441927,,
Rice v. Fox,rice-330-f3d-1170,2006,courtlistener,2473711,,
Rice v. Fox,rice-330-f3d-1170,2006,courtlistener,2530909,,
Rice v. Fox,rice-330-f3d-1170,2006,courtlistener,77523,,
Rice v. Fox,rice-330-f3d-1170,2006,courtlistener,8439543,,
Rice v. Fox,rice-330-f3d-1170,2007,courtlistener,2327947,,
Rice v. Fox,rice-330-f3d-1170,2007,courtlistener,2329201,,
Rice v. Fox,rice-330-f3d-1170,2007,courtlistener,2355061,,
Rice v. Fox,rice-330-f3d-1170,2007,courtlistener,2576830,,
Rice v. Fox,rice-330-f3d-1170,2007,courtlistener,77567,,
Rice v. Fox,rice-330-f3d-1170,2008,courtlistener,1225530,,
Rice v. Fox,rice-330-f3d-1170,2008,courtlistener,1686438,,
Rice v. Fox,rice-330-f3d-1170,2008,courtlistener,2288465,,
Rice v. Fox,rice-330-f3d-1170,2008,courtlistener,2416720,,
Rice v. Fox,rice-330-f3d-1170,2008,courtlistener,2476031,,
Rice v. Fox,rice-330-f3d-1170,2008,courtlistener,8661004,,
Rice v. Fox,rice-330-f3d-1170,2009,courtlistener,1264667,,
Rice v. Fox,rice-330-f3d-1170,2009,courtlistener,2375853,,
Rice v. Fox,rice-330-f3d-1170,2009,courtlistener,2489325,,
Rice v. Fox,rice-330-f3d-1170,2009,courtlistener,2489389,,
Rice v. Fox,rice-330-f3d-1170,2009,courtlistener,2541316,,
Rice v. Fox,rice-330-f3d-1170,2010,courtlistener,148199,,
Rice v. Fox,rice-330-f3d-1170,2010,courtlistener,2151583,,
Rice v. Fox,rice-330-f3d-1170,2010,courtlistener,2473919,,
Rice v. Fox,rice-330-f3d-1170,2010,courtlistener,2539660,,
Rice v. Fox,rice-330-f3d-1170,2010,courtlistener,2539817,,
Rice v. Fox,rice-330-f3d-1170,2010,courtlistener,2540579,,
Rice v. Fox,rice-330-f3d-1170,2010,courtlistener,2567576,,
Rice v. Fox,rice-330-f3d-1170,2011,courtlistener,205368,,
Rice v. Fox,rice-330-f3d-1170,2011,courtlistener,218995,,
Rice v. Fox,rice-330-f3d-1170,2011,courtlistener,220242,,
Rice v. Fox,rice-330-f3d-1170,2011,courtlistener,8710821,,
Rice v. Fox,rice-330-f3d-1170,2012,courtlistener,626929,,
Rice v. Fox,rice-330-f3d-1170,2012,courtlistener,8719846,,
Rice v. Fox,rice-330-f3d-1170,2013,courtlistener,8729394,,
Rice v. Fox,rice-330-f3d-1170,2013,courtlistener,8730548,,
Rice v. Fox,rice-330-f3d-1170,2013,courtlistener,8789488,,
Rice v. Fox,rice-330-f3d-1170,2014,courtlistener,7309258,,
Rice v. Fox,rice-330-f3d-1170,2014,courtlistener,7310808,,
Rice v. Fox,rice-330-f3d-1170,2015,courtlistener,2993623,,
Rice v. Fox,rice-330-f3d-1170,2015,courtlistener,7311524,,
Rice v. Fox,rice-330-f3d-1170,2015,courtlistener,7312766,,
Rice v. Fox,rice-330-f3d-1170,2015,courtlistener,7313847,,
Rice v. Fox,rice-330-f3d-1170,2015,courtlistener,7314354,,
Rice v. Fox,rice-330-f3d-1170,2015,courtlistener,7314879,,
Rice v. Fox,rice-330-f3d-1170,2015,courtlistener,7316220,,
Rice v. Fox,rice-330-f3d-1170,2015,courtlistener,7317283,,
Rice v. Fox,rice-330-f3d-1170,2016,courtlistener,3195318,,
Rice v. Fox,rice-330-f3d-1170,2016,courtlistener,4253758,,
Rice v. Fox,rice-330-f3d-1170,2016,courtlistener,7319202,,
Rice v. Fox,rice-330-f3d-1170,2016,courtlistener,7320389,,
Rice v. Fox,rice-330-f3d-1170,2016,courtlistener,7321597,,
Rice v. Fox,rice-330-f3d-1170,2017,courtlistener,7326231,,
Rice v. Fox,rice-330-f3d-1170,2017,courtlistener,7327856,,
Rice v. Fox,rice-330-f3d-1170,2018,courtlistener,4479555,,
Rice v. Fox,rice-330-f3d-1170,2018,courtlistener,4522886,,
Rice v. Fox,rice-330-f3d-1170,2018,courtlistener,4530688,,
Rice v. Fox,rice-330-f3d-1170,2018,courtlistener,4539363,,
Rice v. Fox,rice-330-f3d-1170,2018,courtlistener,7329588,,
Rice v. Fox,rice-330-f3d-1170,2018,courtlistener,7330200,,
Rice v. Fox,rice-330-f3d-1170,2018,courtlistener,9022942,,
Rice v. Fox,rice-330-f3d-1170,2019,courtlistener,4682767,,
Rice v. Fox,rice-330-f3d-1170,2019,courtlistener,7334813,,
Rice v. Fox,rice-330-f3d-1170,2019,courtlistener,7335762,,
Rice v. Fox,rice-330-f3d-1170,2019,courtlistener,7336651,,
Rice v. Fox,rice-330-f3d-1170,2019,courtlistener,9595534,,
Rice v. Fox,rice-330-f3d-1170,2019,courtlistener,9613200,,
Rice v. Fox,rice-330-f3d-1170,2020,courtlistener,10167378,,
Rice v. Fox,rice-330-f3d-1170,2020,courtlistener,4733619,,
Rice v. Fox,rice-330-f3d-1170,2020,courtlistener,4736284,,
Rice v. Fox,rice-330-f3d-1170,2020,courtlistener,4756350,,
Rice v. Fox,rice-330-f3d-1170,2020,courtlistener,4772537,,
Rice v. Fox,rice-330-f3d-1170,2020,courtlistener,9613664,,
Rice v. Fox,rice-330-f3d-1170,2020,courtlistener,9614830,,
Rice v. Fox,rice-330-f3d-1170,2021,courtlistener,5298427,,
Rice v. Fox,rice-330-f3d-1170,2021,courtlistener,5301341,,
Rice v. Fox,rice-330-f3d-1170,2021,courtlistener,9574451,,
Rice v. Fox,rice-330-f3d-1170,2022,courtlistener,6447445,,
Rice v. Fox,rice-330-f3d-1170,2022,courtlistener,9618526,,
Rice v. Fox,rice-330-f3d-1170,2023,courtlistener,9622150,,
Rice v. Fox,rice-330-f3d-1170,2024,courtlistener,10293107,,
Rice v. Fox,rice-330-f3d-1170,2024,courtlistener,9612672,,
Rice v. Fox,rice-330-f3d-1170,2025,courtlistener,10585713,,
Rice v. Fox,rice-330-f3d-1170,2025,courtlistener,10592556,,
Rice v. Fox,rice-330-f3d-1170,2025,courtlistener,10661794,,
Rice v. Fox,rice-330-f3d-1170,2026,courtlistener,10768252,,
Rice v. Fox,rice-330-f3d-1170,2016,outside-courtlistener,,8th-wonder-cacd-2016--recap-19942413.txt,8th Wonder Entertainment v. Viacom
Rice v. Fox,rice-330-f3d-1170,2021,outside-courtlistener,,USCOURTS-mdd-1_17-cv-03371-0.txt,Clancy v. Jack Ryan Enterprises (Clancy v. Webb)
Rice v. Fox,rice-330-f3d-1170,2006,outside-courtlistener,,abear-wawd-2006--recap-17223899.txt,Abear v. Teveliet
Rice v. Fox,rice-330-f3d-1170,2012,outside-courtlistener,,american-specialty-casd-2012--USCOURTS-casd-3_11-cv-02819-0.txt,American Specialty Health v. Healthways
Rice v. Fox,rice-330-f3d-1170,2018,outside-courtlistener,,ariix-casd-2018--USCOURTS-casd-3_18-cv-02434-0.txt,ARIIX v. NutriSearch
Rice v. Fox,rice-330-f3d-1170,2019,outside-courtlistener,,ariix-casd-2019--USCOURTS-casd-3_18-cv-02434-0.txt,ARIIX v. NutriSearch
Rice v. Fox,rice-330-f3d-1170,2016,outside-courtlistener,,beachbody-cacd-2016--recap-12332577.txt,Beachbody v. Universal Nutrients
Rice v. Fox,rice-330-f3d-1170,2011,outside-courtlistener,,berster-caed-2011--USCOURTS-caed-2_11-cv-01541-8.txt,Berster Technologies v. Christmas
Rice v. Fox,rice-330-f3d-1170,2009,outside-courtlistener,,carmichael-lodge-caed-2009--USCOURTS-caed-2_07-cv-02665-7.txt,Carmichael Lodge v. Leonard
Rice v. Fox,rice-330-f3d-1170,2015,outside-courtlistener,,cascade-yarns-wawd-2015--recap-18380860.txt,Cascade Yarns v. Knitting Fever
Rice v. Fox,rice-330-f3d-1170,2025,outside-courtlistener,,collier-cacd-2025--recap-426403759.txt,Collier v. McKay
Rice v. Fox,rice-330-f3d-1170,2022,outside-courtlistener,,costar-cacd-2022--recap-203959114-ecf146.txt,CoStar Group v. Commercial Real Estate Exchange
Rice v. Fox,rice-330-f3d-1170,2015,outside-courtlistener,,dahl-nvd-2015--recap-6559875.txt,Dahl v. Toyota Motor Sales
Rice v. Fox,rice-330-f3d-1170,2015,outside-courtlistener,,darnaa-cand-2015--recap-2159218.txt,Darnaa v. Google
Rice v. Fox,rice-330-f3d-1170,2025,outside-courtlistener,,dartisan-casd-2025--USCOURTS-casd-3_24-cv-00017-1.txt,D'Artisan v. Connor
Rice v. Fox,rice-330-f3d-1170,2009,outside-courtlistener,,del-webb-nvd-2009--recap-20226484.txt,Del Webb Communities v. Partington
Rice v. Fox,rice-330-f3d-1170,2017,outside-courtlistener,,delux-cab-casd-2017--USCOURTS-casd-3_16-cv-03057-0.txt,Delux Cab v. Uber
Rice v. Fox,rice-330-f3d-1170,2016,outside-courtlistener,,diamond-foods-cand-2016--USCOURTS-cand-5_14-cv-03162-1.txt,Diamond Foods v. Hottrix
Rice v. Fox,rice-330-f3d-1170,2006,outside-courtlistener,,dyer-azd-2006--recap-16996933.txt,Dyer v. Napier
Rice v. Fox,rice-330-f3d-1170,2019,outside-courtlistener,,electronic-recycling-wawd-2019--recap-64772352.txt,Electronic Recycling Association v. Basel Action Network
Rice v. Fox,rice-330-f3d-1170,2004,outside-courtlistener,,ellison-cacd-2004--pacer-8_02-cv-01184-ecf196.txt,Ellison Educational Equipment v. Chen
Rice v. Fox,rice-330-f3d-1170,2012,outside-courtlistener,,emove-azd-2012--recap-466916.txt,Emove v. SMD Software
Rice v. Fox,rice-330-f3d-1170,2014,outside-courtlistener,,ervin-wawd-2014--recap-18300560.txt,Ervin v. Irani
Rice v. Fox,rice-330-f3d-1170,2012,outside-courtlistener,,escort-idd-2012--recap-17675063.txt,Escort v. Fleming
Rice v. Fox,rice-330-f3d-1170,2016,outside-courtlistener,,folkens-caed-2016--USCOURTS-caed-2_14-cv-02197-9.txt,Folkens v. Wyland
Rice v. Fox,rice-330-f3d-1170,2023,outside-courtlistener,,gilbert-daniels-cacd-2023--pacer-2_23-cv-02147-ecf133.txt,Gilbert-Daniels v. Lions Gate Entertainment (MSJ order)
Rice v. Fox,rice-330-f3d-1170,2019,outside-courtlistener,,golo-casd-2019--USCOURTS-casd-3_18-cv-02434-0.txt,GOLO v. Higher Health Network
Rice v. Fox,rice-330-f3d-1170,2015,outside-courtlistener,,good-tech-cand-2015--govinfo-USCOURTS-cand-5_12-cv-05826-15-ecf349.txt,Good Technology v. MobileIron
Rice v. Fox,rice-330-f3d-1170,2011,outside-courtlistener,,harris-publishing-idd-2011--USCOURTS-idd-4_09-cv-00426-0.txt,Harris Publishing v. Metro Marketing
Rice v. Fox,rice-330-f3d-1170,2014,outside-courtlistener,,heartland-cand-2014--USCOURTS-cand-4_14-cv-00437-4.txt,Heartland Payment Systems v. Mercury Payment Systems
Rice v. Fox,rice-330-f3d-1170,2006,outside-courtlistener,,identity-arts-cand-2006--USCOURTS-cand-4_06-cv-01631-15.txt,Identity Arts v. Best Buy
Rice v. Fox,rice-330-f3d-1170,2007,outside-courtlistener,,identity-arts-cand-2007--USCOURTS-cand-4_06-cv-01631-15.txt,Identity Arts v. Best Buy
Rice v. Fox,rice-330-f3d-1170,2026,outside-courtlistener,,interior-electric-nvd-2026--recap-489836788.txt,Interior Electric v. TWC Construction
Rice v. Fox,rice-330-f3d-1170,2012,outside-courtlistener,,jurin-caed-2012--USCOURTS-caed-2_09-cv-03065-13.txt,Jurin v. Google
Rice v. Fox,rice-330-f3d-1170,2019,outside-courtlistener,,kangaroo-azd-2019--USCOURTS-azd-2_17-cv-01806-0.txt,Kangaroo Manufacturing v. Amazon.com
Rice v. Fox,rice-330-f3d-1170,2014,outside-courtlistener,,lazebnik-cand-2014--USCOURTS-cand-5_13-cv-04145-3.txt,Lazebnik v. Apple
Rice v. Fox,rice-330-f3d-1170,2014,outside-courtlistener,,linkedin-cand-2014--recap-20047972.txt,LinkedIn User Privacy v. LinkedIn
Rice v. Fox,rice-330-f3d-1170,2018,outside-courtlistener,,liveperson-cand-2018--recap-44972084-ecf492.txt,LivePerson v. 24/7
Rice v. Fox,rice-330-f3d-1170,2009,outside-courtlistener,,mccormick-cacd-2009--pacer-2_07-cv-05697-ecf126.txt,cacd
Rice v. Fox,rice-330-f3d-1170,2016,outside-courtlistener,,mintz-cand-2016--USCOURTS-cand-3_16-cv-03384-2.txt,Mintz v. Subaru
Rice v. Fox,rice-330-f3d-1170,2011,outside-courtlistener,,new-sensations-cand-2011--recap-1945782-ecf9.txt,New Sensations v. Does
Rice v. Fox,rice-330-f3d-1170,2013,outside-courtlistener,,oconnor-cand-2013--recap-2076848-ecf58.txt,O'Connor v. Uber
Rice v. Fox,rice-330-f3d-1170,2011,outside-courtlistener,,openmind-cand-2011--recap-13604255.txt,Openmind Solutions v. Does
Rice v. Fox,rice-330-f3d-1170,2023,outside-courtlistener,,oracle-rimini-nvd-2023--recap-401077760.txt,Oracle International v. Rimini Street
Rice v. Fox,rice-330-f3d-1170,2011,outside-courtlistener,,patrick-collins-cand-2011--recap-1945340.txt,Patrick Collins v. Does
Rice v. Fox,rice-330-f3d-1170,2015,outside-courtlistener,,phantomalert-cand-2015--USCOURTS-cand-3_15-cv-03986-1.txt,PhantomAlert v. Google
Rice v. Fox,rice-330-f3d-1170,2016,outside-courtlistener,,phantomalert-cand-2016--USCOURTS-cand-3_15-cv-03986-1.txt,PhantomAlert v. Google
Rice v. Fox,rice-330-f3d-1170,2015,outside-courtlistener,,recap-19872110-gallagher-v-lions-gate-cacd-2015-09-11.txt,Gallagher v. Lions Gate Entertainment
Rice v. Fox,rice-330-f3d-1170,2022,outside-courtlistener,,recap-218821290-carroll-shelby-v-halicki-cacd-2022-11-29-msj-order.txt,"Carroll Shelby Licensing v. Halicki, 643 F. Supp. 3d 1048"
Rice v. Fox,rice-330-f3d-1170,2020,outside-courtlistener,,ricketts-cacd-2020--pacer-2_19-cv-03895-ecf113.txt,Ricketts v. CBS
Rice v. Fox,rice-330-f3d-1170,2017,outside-courtlistener,,rimini-nvd-2017--recap-22800734-ecf589.txt,Rimini Street v. Oracle International
Rice v. Fox,rice-330-f3d-1170,2017,outside-courtlistener,,rimini-nvd-2017--recap-23952824-ecf633.txt,Rimini Street v. Oracle International
Rice v. Fox,rice-330-f3d-1170,2004,outside-courtlistener,,sigma-dynamics-cand-2004--USCOURTS-cand-3_04-cv-00569-0.txt,Sigma Dynamics v. Epiphany
Rice v. Fox,rice-330-f3d-1170,2018,outside-courtlistener,,silvia-cand-2018--USCOURTS-cand-3_15-cv-04677-12.txt,Silvia v. EA Technical Services
Rice v. Fox,rice-330-f3d-1170,2011,outside-courtlistener,,straughter-cacd-2011--recap-828160.txt,Straughter v. Raymond
Rice v. Fox,rice-330-f3d-1170,2017,outside-courtlistener,,television-education-caed-2017--USCOURTS-caed-2_16-cv-01433-6.txt,Television Education v. Contractors Intelligence School
Rice v. Fox,rice-330-f3d-1170,2012,outside-courtlistener,,third-degree-cand-2012--recap-2023025.txt,Third Degree Films v. Does
Rice v. Fox,rice-330-f3d-1170,2017,outside-courtlistener,,trade-west-hid-2017--USCOURTS-hid-1_16-cv-00474-0.txt,Trade West v. Oriental Trading
Rice v. Fox,rice-330-f3d-1170,2013,outside-courtlistener,,trendex-hid-2013--USCOURTS-hid-1_13-cv-00253-0.txt,Trendex Fabrics v. Kim
Rice v. Fox,rice-330-f3d-1170,2017,outside-courtlistener,,tylor-hid-2017--USCOURTS-hid-1_17-cv-00293-0.txt,Tylor v. RealVoice
Rice v. Fox,rice-330-f3d-1170,2026,outside-courtlistener,,zen-lab-azd-2026--recap-483868642.txt,Zen Laboratory v. Dianzishangwuyouxiangongsi
Halicki v. Sanderson,halicki-547-f3d-1213,2009,courtlistener,1466135,,
Halicki v. Sanderson,halicki-547-f3d-1213,2009,courtlistener,2477671,,
Halicki v. Sanderson,halicki-547-f3d-1213,2009,courtlistener,2508769,,
Halicki v. Sanderson,halicki-547-f3d-1213,2010,courtlistener,2470984,,
Halicki v. Sanderson,halicki-547-f3d-1213,2010,courtlistener,3034658,,
Halicki v. Sanderson,halicki-547-f3d-1213,2011,courtlistener,219792,,
Halicki v. Sanderson,halicki-547-f3d-1213,2012,courtlistener,8713519,,
Halicki v. Sanderson,halicki-547-f3d-1213,2012,courtlistener,8717245,,
Halicki v. Sanderson,halicki-547-f3d-1213,2012,courtlistener,8719551,,
Halicki v. Sanderson,halicki-547-f3d-1213,2013,courtlistener,1036528,,
Halicki v. Sanderson,halicki-547-f3d-1213,2013,courtlistener,8725452,,
Halicki v. Sanderson,halicki-547-f3d-1213,2013,courtlistener,8726473,,
Halicki v. Sanderson,halicki-547-f3d-1213,2013,courtlistener,8730548,,
Halicki v. Sanderson,halicki-547-f3d-1213,2014,courtlistener,2717139,,
Halicki v. Sanderson,halicki-547-f3d-1213,2014,courtlistener,2758961,,
Halicki v. Sanderson,halicki-547-f3d-1213,2014,courtlistener,7307028,,
Halicki v. Sanderson,halicki-547-f3d-1213,2014,courtlistener,8731651,,
Halicki v. Sanderson,halicki-547-f3d-1213,2015,courtlistener,2817521,,
Halicki v. Sanderson,halicki-547-f3d-1213,2015,courtlistener,2993623,,
Halicki v. Sanderson,halicki-547-f3d-1213,2015,courtlistener,7313421,,
Halicki v. Sanderson,halicki-547-f3d-1213,2017,courtlistener,7328383,,
Halicki v. Sanderson,halicki-547-f3d-1213,2018,courtlistener,4519781,,
Halicki v. Sanderson,halicki-547-f3d-1213,2018,courtlistener,7330374,,
Halicki v. Sanderson,halicki-547-f3d-1213,2018,courtlistener,7332576,,
Halicki v. Sanderson,halicki-547-f3d-1213,2019,courtlistener,10232691,,
Halicki v. Sanderson,halicki-547-f3d-1213,2019,courtlistener,9548204,,
Halicki v. Sanderson,halicki-547-f3d-1213,2020,courtlistener,10167392,,
Halicki v. Sanderson,halicki-547-f3d-1213,2020,courtlistener,10235381,,
Halicki v. Sanderson,halicki-547-f3d-1213,2020,courtlistener,4736284,,
Halicki v. Sanderson,halicki-547-f3d-1213,2020,courtlistener,4769961,,
Halicki v. Sanderson,halicki-547-f3d-1213,2020,courtlistener,9597606,,
Halicki v. Sanderson,halicki-547-f3d-1213,2021,courtlistener,9616877,,
Halicki v. Sanderson,halicki-547-f3d-1213,2022,courtlistener,9534284,,
Halicki v. Sanderson,halicki-547-f3d-1213,2022,courtlistener,9618673,,
Halicki v. Sanderson,halicki-547-f3d-1213,2023,courtlistener,10241960,,
Halicki v. Sanderson,halicki-547-f3d-1213,2023,courtlistener,9516636,,
Halicki v. Sanderson,halicki-547-f3d-1213,2023,courtlistener,9608667,,
Halicki v. Sanderson,halicki-547-f3d-1213,2023,courtlistener,9609424,,
Halicki v. Sanderson,halicki-547-f3d-1213,2023,courtlistener,9610288,,
Halicki v. Sanderson,halicki-547-f3d-1213,2023,courtlistener,9831680,,
Halicki v. Sanderson,halicki-547-f3d-1213,2023,courtlistener,9833108,,
Halicki v. Sanderson,halicki-547-f3d-1213,2024,courtlistener,10172665,,
Halicki v. Sanderson,halicki-547-f3d-1213,2024,courtlistener,10245230,,
Halicki v. Sanderson,halicki-547-f3d-1213,2024,courtlistener,10246093,,
Halicki v. Sanderson,halicki-547-f3d-1213,2024,courtlistener,9611564,,
Halicki v. Sanderson,halicki-547-f3d-1213,2024,courtlistener,9612420,,
Halicki v. Sanderson,halicki-547-f3d-1213,2024,courtlistener,9622348,,
Halicki v. Sanderson,halicki-547-f3d-1213,2025,courtlistener,10313030,,
Halicki v. Sanderson,halicki-547-f3d-1213,2025,courtlistener,10592968,,
Halicki v. Sanderson,halicki-547-f3d-1213,2025,courtlistener,10617456,,
Halicki v. Sanderson,halicki-547-f3d-1213,2025,courtlistener,10664336,,
Halicki v. Sanderson,halicki-547-f3d-1213,2025,courtlistener,10667747,,
Halicki v. Sanderson,halicki-547-f3d-1213,2025,courtlistener,10674045,,
Halicki v. Sanderson,halicki-547-f3d-1213,2026,courtlistener,10775535,,
Halicki v. Sanderson,halicki-547-f3d-1213,2026,courtlistener,10854286,,
Halicki v. Sanderson,halicki-547-f3d-1213,2016,outside-courtlistener,,adidas-ord-2016--USCOURTS-ord-3_16-cv-00415-0.txt,adidas America v. Athletic Propulsion Labs
Halicki v. Sanderson,halicki-547-f3d-1213,2024,outside-courtlistener,,amtax-ca9-2024--ca9-22-55688.txt,AMTAX Holdings v. Montalvo
Halicki v. Sanderson,halicki-547-f3d-1213,2014,outside-courtlistener,,avnet-nvd-2014--recap-20269569.txt,Avnet v. Avana Technologies
Halicki v. Sanderson,halicki-547-f3d-1213,2018,outside-courtlistener,,baskim-nvd-2018--recap-25411637.txt,Baskim Holdings v. Two M
Halicki v. Sanderson,halicki-547-f3d-1213,2017,outside-courtlistener,,bedeski-waed-2017--USCOURTS-waed-2_16-cv-00163-0.txt,Bedeski v. Commissioner of Social Security
Halicki v. Sanderson,halicki-547-f3d-1213,2017,outside-courtlistener,,blizzard-cand-2017--recap-20381367-ecf162.txt,Blizzard Entertainment v. Lilith Games
Halicki v. Sanderson,halicki-547-f3d-1213,2009,outside-courtlistener,,brighton-casd-2009--USCOURTS-casd-3_06-cv-01584-5.txt,Brighton Collectibles v. Marc Chantal
Halicki v. Sanderson,halicki-547-f3d-1213,2019,outside-courtlistener,,cloanto-wawd-2019--recap-87662657.txt,Cloanto v. Hyperion Entertainment
Halicki v. Sanderson,halicki-547-f3d-1213,2014,outside-courtlistener,,cutting-edge-cand-2014--USCOURTS-cand-3_14-cv-02770-3.txt,Cutting Edge Solutions v. Sustainable Low Maintenance Grass
Halicki v. Sanderson,halicki-547-f3d-1213,2014,outside-courtlistener,,design-data-cand-2014--USCOURTS-cand-3_12-cv-04131-14.txt,Design Data v. Unigate Enterprise
Halicki v. Sanderson,halicki-547-f3d-1213,2015,outside-courtlistener,,dolores-press-cacd-2015--recap-19863157.txt,Dolores Press v. Robinson
Halicki v. Sanderson,halicki-547-f3d-1213,2019,outside-courtlistener,,electronic-recycling-wawd-2019--recap-64772352.txt,Electronic Recycling Association v. Basel Action Network
Halicki v. Sanderson,halicki-547-f3d-1213,2013,outside-courtlistener,,gold-club-cand-2013--USCOURTS-cand-3_13-cv-03797-2.txt,Gold Club-SF v. Platinum SJ Enterprise
Halicki v. Sanderson,halicki-547-f3d-1213,2012,outside-courtlistener,,humboldt-cand-2012--USCOURTS-cand-3_11-cv-04144-3.txt,Humboldt Wholesale v. Humboldt Nation Distribution
Halicki v. Sanderson,halicki-547-f3d-1213,2014,outside-courtlistener,,joslyn-wawd-2014--recap-18327983.txt,Joslyn v. Colvin
Halicki v. Sanderson,halicki-547-f3d-1213,2015,outside-courtlistener,,ketab-cacd-2015--recap-19885602.txt,Ketab v. Mesriani
Halicki v. Sanderson,halicki-547-f3d-1213,2017,outside-courtlistener,,kische-wawd-2017--recap-23965788.txt,Kische USA v. Simsek
Halicki v. Sanderson,halicki-547-f3d-1213,2019,outside-courtlistener,,knudsen-cellco-caed-2019--recap-111933127.txt,City of Los Angeles v. Cellco Partnership
Halicki v. Sanderson,halicki-547-f3d-1213,2019,outside-courtlistener,,knudsen-sprint-caed-2019--USCOURTS-caed-2_17-cv-00816-3.txt,City of Los Angeles v. Sprint Solutions
Halicki v. Sanderson,halicki-547-f3d-1213,2017,outside-courtlistener,,la-terra-fina-cand-2017--USCOURTS-cand-5_17-cv-03613-0.txt,La Terra Fina v. TerraFina
Halicki v. Sanderson,halicki-547-f3d-1213,2012,outside-courtlistener,,latour-casd-2012--recap-20180521.txt,LaTour v. Citigroup Global Markets
Halicki v. Sanderson,halicki-547-f3d-1213,2016,outside-courtlistener,,mays-deschutes-ord-2016--USCOURTS-ord-6_15-cv-00898-0.txt,Mays v. Deschutes County
Halicki v. Sanderson,halicki-547-f3d-1213,2009,outside-courtlistener,,mccormick-cacd-2009--pacer-2_07-cv-05697-ecf126.txt,cacd
Halicki v. Sanderson,halicki-547-f3d-1213,2024,outside-courtlistener,,mib-group-cacd-2024--pacer-5_23-cv-01597-ecf114.txt,MIB Group v. Aguilar
Halicki v. Sanderson,halicki-547-f3d-1213,2015,outside-courtlistener,,milo-gabby-wawd-2015--recap-9130253-ecf71.txt,Milo & Gabby v. Amazon.com
Halicki v. Sanderson,halicki-547-f3d-1213,2022,outside-courtlistener,,neo4j-ca9-2022--ca9-21-16029.txt,Neo4j v. PureThink
Halicki v. Sanderson,halicki-547-f3d-1213,2013,outside-courtlistener,,platte-river-cand-2013--USCOURTS-cand-3_12-cv-02356-5.txt,Platte River Insurance v. Dignity Health
Halicki v. Sanderson,halicki-547-f3d-1213,2022,outside-courtlistener,,recap-218821290-carroll-shelby-v-halicki-cacd-2022-11-29-msj-order.txt,"Carroll Shelby Licensing v. Halicki, 643 F. Supp. 3d 1048"
Halicki v. Sanderson,halicki-547-f3d-1213,2018,outside-courtlistener,,robinson-hunger-caed-2018--USCOURTS-caed-1_18-cv-00042-0.txt,Robinson v. Hunger Free America
Halicki v. Sanderson,halicki-547-f3d-1213,2013,outside-courtlistener,,salesbrain-cand-2013--USCOURTS-cand-3_12-cv-05026-1.txt,SalesBrain v. AngelVision Technologies
Halicki v. Sanderson,halicki-547-f3d-1213,2021,outside-courtlistener,,shawarma-casd-2021--USCOURTS-casd-3_21-cv-01263-0.txt,Shawarma Stackz v. Jwad
Halicki v. Sanderson,halicki-547-f3d-1213,2016,outside-courtlistener,,sirisup-cacd-2016--recap-1157483.txt,Sirisup v. It's Thai
Halicki v. Sanderson,halicki-547-f3d-1213,2018,outside-courtlistener,,sream-dia-caed-2018--USCOURTS-caed-1_18-cv-00994-0.txt,Sream v. Dia
Halicki v. Sanderson,halicki-547-f3d-1213,2018,outside-courtlistener,,sream-saraha-caed-2018--USCOURTS-caed-1_18-cv-00994-0.txt,Sream v. Saraha
Halicki v. Sanderson,halicki-547-f3d-1213,2018,outside-courtlistener,,sream-singh-caed-2018--USCOURTS-caed-1_18-cv-00379-0.txt,Sream v. Singh
Halicki v. Sanderson,halicki-547-f3d-1213,2019,outside-courtlistener,,stone-brewing-casd-2019--USCOURTS-casd-3_18-cv-00331-0.txt,Stone Brewing v. MillerCoors
Halicki v. Sanderson,halicki-547-f3d-1213,2019,outside-courtlistener,,thermolife-azd-2019--USCOURTS-azd-2_18-cv-04189-0.txt,ThermoLife v. American Fitness Wholesalers
Halicki v. Sanderson,halicki-547-f3d-1213,2012,outside-courtlistener,,thomas-petroleum-caed-2012--USCOURTS-caed-1_11-cv-00902-8.txt,Thomas Petroleum v. Lloyd
Halicki v. Sanderson,halicki-547-f3d-1213,2021,outside-courtlistener,,upper-deck-flores-casd-2021--USCOURTS-casd-3_21-cv-01182-0.txt,Upper Deck v. Flores
Halicki v. Sanderson,halicki-547-f3d-1213,2026,outside-courtlistener,,upper-deck-pixels-casd-2026--USCOURTS-casd-3_24-cv-00923-6.txt,Upper Deck v. Pixels.com
Halicki v. Sanderson,halicki-547-f3d-1213,2019,outside-courtlistener,,vietnam-reform-cand-2019--recap-104271699.txt,Vietnam Reform Party v. Viet Tan
Halicki v. Sanderson,halicki-547-f3d-1213,2012,outside-courtlistener,,vosk-wawd-2012--recap-16583167.txt,Vosk International v. Zao Gruppa Predpriyatij Ost
Halicki v. Sanderson,halicki-547-f3d-1213,2016,outside-courtlistener,,young-phillip-lim-cacd-2016--recap-19941828.txt,Young v. 3.1 Phillip Lim
Halicki v. Sanderson,halicki-547-f3d-1213,2022,outside-courtlistener,,zag-cacd-2022--pacer-2_21-cv-05100-ecf34.txt,ZAG America v. Harasymets (default judgment)
DC Comics v. Towle,towle-802-f3d-1012,2015,courtlistener,7311377,,
DC Comics v. Towle,towle-802-f3d-1012,2015,courtlistener,7317283,,
DC Comics v. Towle,towle-802-f3d-1012,2016,courtlistener,4254193,,
DC Comics v. Towle,towle-802-f3d-1012,2016,courtlistener,7321597,,
DC Comics v. Towle,towle-802-f3d-1012,2018,courtlistener,4528115,,
DC Comics v. Towle,towle-802-f3d-1012,2018,courtlistener,7330730,,
DC Comics v. Towle,towle-802-f3d-1012,2018,courtlistener,7331795,,
DC Comics v. Towle,towle-802-f3d-1012,2018,courtlistener,7331850,,
DC Comics v. Towle,towle-802-f3d-1012,2018,courtlistener,7333257,,
DC Comics v. Towle,towle-802-f3d-1012,2019,courtlistener,4613050,,
DC Comics v. Towle,towle-802-f3d-1012,2019,courtlistener,4627596,,
DC Comics v. Towle,towle-802-f3d-1012,2019,courtlistener,7336651,,
DC Comics v. Towle,towle-802-f3d-1012,2020,courtlistener,4736284,,
DC Comics v. Towle,towle-802-f3d-1012,2020,courtlistener,9572966,,
DC Comics v. Towle,towle-802-f3d-1012,2021,courtlistener,10236486,,
DC Comics v. Towle,towle-802-f3d-1012,2021,courtlistener,9911734,,
DC Comics v. Towle,towle-802-f3d-1012,2022,courtlistener,10239683,,
DC Comics v. Towle,towle-802-f3d-1012,2022,courtlistener,6477642,,
DC Comics v. Towle,towle-802-f3d-1012,2022,courtlistener,9514375,,
DC Comics v. Towle,towle-802-f3d-1012,2023,courtlistener,9413805,,
DC Comics v. Towle,towle-802-f3d-1012,2023,courtlistener,9609216,,
DC Comics v. Towle,towle-802-f3d-1012,2024,courtlistener,10232194,,
DC Comics v. Towle,towle-802-f3d-1012,2024,courtlistener,10290026,,
DC Comics v. Towle,towle-802-f3d-1012,2025,courtlistener,10592968,,
DC Comics v. Towle,towle-802-f3d-1012,2025,courtlistener,10732132,,
DC Comics v. Towle,towle-802-f3d-1012,2025,courtlistener,10735622,,
DC Comics v. Towle,towle-802-f3d-1012,2026,courtlistener,10799415,,
DC Comics v. Towle,towle-802-f3d-1012,2022,outside-courtlistener,,42-ventures-hid-2022--USCOURTS-hid-1_20-cv-00228-3.txt,42 Ventures v. Mav
DC Comics v. Towle,towle-802-f3d-1012,2019,outside-courtlistener,,aecom-cacd-2019--recap-58574939-ecf257.txt,AECOM Energy v. Ripley
DC Comics v. Towle,towle-802-f3d-1012,2026,outside-courtlistener,,amazon-bartley-wawd-2026--recap-484671514.txt,Amazon.com v. Bartley
DC Comics v. Towle,towle-802-f3d-1012,2025,outside-courtlistener,,beijing-meishe-cand-2025--recap-450987777.txt,Beijing Meishe v. TikTok
DC Comics v. Towle,towle-802-f3d-1012,2024,outside-courtlistener,,biani-cacd-2024--recap-392073370-ecf23.txt,Biani v. Showtime Networks
DC Comics v. Towle,towle-802-f3d-1012,2017,outside-courtlistener,,blizzard-cand-2017--recap-20381367-ecf162.txt,Blizzard Entertainment v. Lilith Games
DC Comics v. Towle,towle-802-f3d-1012,2018,outside-courtlistener,,blizzard-cand-2018--recap-25276960-ecf265.txt,Blizzard Entertainment v. Lilith Games
DC Comics v. Towle,towle-802-f3d-1012,2026,outside-courtlistener,,bullseye-cand-2026--USCOURTS-cand-3_25-cv-10395-0.txt,Bullseye Leak Detection v. Garcia
DC Comics v. Towle,towle-802-f3d-1012,2023,outside-courtlistener,,bungie-ll-wawd-2023--recap-323926491.txt,Bungie v. LL
DC Comics v. Towle,towle-802-f3d-1012,2023,outside-courtlistener,,gilbert-daniels-cacd-2023--pacer-2_23-cv-02147-ecf133.txt,Gilbert-Daniels v. Lions Gate Entertainment (MSJ order)
DC Comics v. Towle,towle-802-f3d-1012,2025,outside-courtlistener,,global-equipment-wawd-2025--recap-458511944.txt,Global Equipment Company v. Global Storage Equipment
DC Comics v. Towle,towle-802-f3d-1012,2026,outside-courtlistener,,impossible-foods-cand-2026--recap-478656188-ecf492.txt,Impossible Foods v. Impossible X
DC Comics v. Towle,towle-802-f3d-1012,2024,outside-courtlistener,,openai-cand-2024--recap-387483889-ecf63.txt,OpenAI v. Open Artificial Intelligence
DC Comics v. Towle,towle-802-f3d-1012,2022,outside-courtlistener,,recap-218821290-carroll-shelby-v-halicki-cacd-2022-11-29-msj-order.txt,"Carroll Shelby Licensing v. Halicki, 643 F. Supp. 3d 1048"
DC Comics v. Towle,towle-802-f3d-1012,2017,outside-courtlistener,,reserve-media-cacd-2017--recap-19948280.txt,Reserve Media v. Efficient Frontiers
DC Comics v. Towle,towle-802-f3d-1012,2025,outside-courtlistener,,take-two-cacd-2025--recap-450333872.txt,Take-Two Interactive v. PlayerAuctions
DC Comics v. Towle,towle-802-f3d-1012,2023,outside-courtlistener,,teamlab-cacd-2023--pacer-2_19-cv-06906-ecf223.txt,teamLab v. Museum of Dream Space
DC Comics v. Towle,towle-802-f3d-1012,2022,outside-courtlistener,,zag-cacd-2022--pacer-2_21-cv-05100-ecf34.txt,ZAG America v. Harasymets (default judgment)
Daniels v. Disney,daniels-958-f3d-767,2021,courtlistener,9602011,,
Daniels v. Disney,daniels-958-f3d-767,2023,courtlistener,9387267,,
Daniels v. Disney,daniels-958-f3d-767,2024,courtlistener,10266005,,
Daniels v. Disney,daniels-958-f3d-767,2025,courtlistener,10592968,,
Daniels v. Disney,daniels-958-f3d-767,2026,courtlistener,10806966,,
Daniels v. Disney,daniels-958-f3d-767,2021,outside-courtlistener,,USCOURTS-mdd-1_17-cv-03371-0.txt,Clancy v. Jack Ryan Enterprises (Clancy v. Webb)
Daniels v. Disney,daniels-958-f3d-767,2024,outside-courtlistener,,biani-cacd-2024--recap-392073370-ecf23.txt,Biani v. Showtime Networks
Daniels v. Disney,daniels-958-f3d-767,2025,outside-courtlistener,,chiala-farms-cand-2025--USCOURTS-cand-3_24-cv-04040-2.txt,David v. George Chiala Farms
Daniels v. Disney,daniels-958-f3d-767,2023,outside-courtlistener,,jangle-vision-ca9-2023--ca9-22-55642.txt,Jangle Vision v. Alexander Wang
Daniels v. Disney,daniels-958-f3d-767,2022,outside-courtlistener,,recap-218821290-carroll-shelby-v-halicki-cacd-2022-11-29-msj-order.txt,"Carroll Shelby Licensing v. Halicki, 643 F. Supp. 3d 1048"
Daniels v. Disney,daniels-958-f3d-767,2022,outside-courtlistener,,zag-cacd-2022--pacer-2_21-cv-05100-ecf34.txt,ZAG America v. Harasymets (default judgment)
